[
    {
        "id": 3,
        "nom": "L'Atelier Gourmand",
        "formule": 1,
        "description": "",
        "url": null,
        "raison": "L'Atelier Gourmand",
        "adresse": "8, bd Jean Jaurès",
        "code-postal": 53000,
        "ville": "Laval",
        "image": "/partenaires/03 - L'Atelier Gourmand.jpg"
    },
    {
        "id": 4,
        "nom": "Show Pizz",
        "formule": 0,
        "description": "",
        "url": null,
        "raison": "Show Pizz",
        "adresse": "",
        "code-postal": "",
        "ville": "",
        "image": "/partenaires/04 - Show Pizz.jpg"
    },
    {
        "id": 6,
        "nom": "Esprit Zen",
        "formule": 1,
        "description": "",
        "url": null,
        "raison": "Esprit Zen",
        "adresse": "134 Avenue du Général de Gaulle",
        "code-postal": 53940,
        "ville": "Saint-Berthevin",
        "image": "/partenaires/06 - Esprit Zen.jpg"
    },
    {
        "id": 8,
        "nom": "Laval Esthétique",
        "formule": 1,
        "description": "",
        "url": null,
        "raison": "Laval Esthétique",
        "adresse": "47 Rue du Pont de Mayenne",
        "code-postal": 53000,
        "ville": "Laval",
        "image": "/partenaires/08 - Laval Esthétique.jpg"
    },
    {
        "id": 9,
        "nom": "Suzy Sablé-Suhard",
        "formule": 1,
        "description": "",
        "url": null,
        "raison": "Suzy Sablé-Suhard",
        "adresse": "12, rue des rouliers",
        "code-postal": 53810,
        "ville": "Changé",
        "image": "/partenaires/09 - Suzy Sablé-Suhard.jpg"
    },
    {
        "id": 10,
        "nom": "Laval Tampons",
        "formule": 1,
        "description": "",
        "url": null,
        "raison": "Laval Tampons",
        "adresse": "13 Rue du Bourny",
        "code-postal": 53000,
        "ville": "Laval",
        "image": "/partenaires/10 - Laval Tampons.jpg"
    },
    {
        "id": 11,
        "nom": "CER Bourny",
        "formule": 1,
        "description": "",
        "url": null,
        "raison": "CER Bourny",
        "adresse": "9, rue Charles Landelle",
        "code-postal": 53000,
        "ville": "Laval",
        "image": "/partenaires/11 - CER Bourny.jpg"
    },
    {
        "id": 12,
        "nom": "Crédit Agricole",
        "formule": 1,
        "description": "",
        "url": null,
        "raison": "Crédit Agricole Laval-Cathédrale",
        "adresse": "14, place Hardy de Lévaré",
        "code-postal": 53000,
        "ville": "Laval",
        "image": "/partenaires/12 - Crédit Agricole.jpg"
    },
    {
        "id": 13,
        "nom": "Muriel Ricard",
        "formule": 1,
        "description": "",
        "url": null,
        "raison": "Muriel Ricard",
        "adresse": "77 Place de la Commune",
        "code-postal": 53000,
        "ville": "Laval",
        "image": "/partenaires/13 - Muriel Ricard.jpg"
    },
    {
        "id": 14,
        "nom": "Bien avec Vous",
        "formule": 1,
        "description": "",
        "url": null,
        "raison": "Bien avec Vous",
        "adresse": "4, rue du commandant Henri Chantrel",
        "code-postal": 53000,
        "ville": "Laval",
        "image": "/partenaires/14 - Bien avec Vous.jpg"
    },
    {
        "id": 15,
        "nom": "La Crémaillère",
        "formule": 1,
        "description": "",
        "url": null,
        "raison": "La Crémaillère",
        "adresse": "11, rue du Val de Mayenne",
        "code-postal": 53000,
        "ville": "Laval",
        "image": "/partenaires/15 - La Crémaillère.jpg"
    },
    {
        "id": 16,
        "nom": "Le salon de Sandra",
        "formule": 2,
        "description": "",
        "url": null,
        "raison": "Le salon de Sandra",
        "adresse": "138, avenue du Général de Gaulle",
        "code-postal": 53940,
        "ville": "Saint-Berthevin",
        "image": "/partenaires/16 - Le salon de Sandra.jpg"
    },
    {
        "id": 17,
        "nom": "Dokteur Store & Volets",
        "formule": 2,
        "description": "",
        "url": null,
        "raison": "Dokteur Store & Volets",
        "adresse": "3, rue Robert Schuman",
        "code-postal": 53000,
        "ville": "Laval",
        "image": "/partenaires/17 - Dokteur Store & Volets.jpg"
    },
    {
        "id": 18,
        "nom": "Véronika",
        "formule": 1,
        "description": "",
        "url": null,
        "raison": "Instinct Créatif",
        "adresse": "116 rue de la filature",
        "code-postal": 53000,
        "ville": "Laval",
        "image": "/partenaires/18 - Véronika.jpg"
    },
    {
        "id": 19,
        "nom": "Boulevard Auto",
        "formule": 0,
        "description": "<strong>BOULEVARD</strong> <strong>AUTO</strong> propose une gamme variée de voitures, d'utilitaires et fourgons, des occasions premium ainsi que des véhicules neufs à zéro km. Notre <strong>garage</strong> vous propose la réparation et l’entretien auto et véhicules de toutes marques.&nbsp;Au service des professionnels du transport de personnes, nous proposons des <strong>minibus</strong> offrant la fiabilité et le confort optimal pour les passagers.",
        "url": "https://www.boulevardauto.fr/",
        "raison": "Boulevard Auto",
        "adresse": "",
        "code-postal": "",
        "ville": "",
        "image": "/partenaires/19 - Boulevard Auto.jpg"
    },
    {
        "id": 20,
        "nom": "GAEC Goisbault",
        "formule": 1,
        "description": "",
        "url": null,
        "raison": "GAEC Goisbault",
        "adresse": "La Mancellière",
        "code-postal": 53970,
        "ville": "L’Huisserie",
        "image": "/partenaires/20 - GAEC Goisbault.jpg"
    },
    {
        "id": 22,
        "nom": "Cuisine Plus",
        "formule": 1,
        "description": "",
        "url": null,
        "raison": "Cuisine Plus",
        "adresse": "96, avenue de Paris",
        "code-postal": 53940,
        "ville": "Saint-Berthevin",
        "image": "/partenaires/22 - Cuisine Plus.jpg"
    },
    {
        "id": 24,
        "nom": "Maréchal paysagiste",
        "formule": 2,
        "description": "",
        "url": null,
        "raison": "Maréchal paysagiste",
        "adresse": "la Martelière Loigne-sur-Mayenne",
        "code-postal": 53200,
        "ville": "La Roche-Neuville",
        "image": "/partenaires/24 - Maréchal paysagiste.jpg"
    },
    {
        "id": 25,
        "nom": "SAV Volets",
        "formule": 2,
        "description": "",
        "url": null,
        "raison": "SAV Volets",
        "adresse": "3, impasse Alphonse Daudet",
        "code-postal": 53230,
        "ville": "Courbeveille",
        "image": "/partenaires/25 - SAV Volets.jpg"
    },
    {
        "id": 26,
        "nom": "Bourillon EURL",
        "formule": 1,
        "description": "",
        "url": null,
        "raison": "Bourillon EURL",
        "adresse": "18, impasse des Jonquilles",
        "code-postal": 53230,
        "ville": "Astillé",
        "image": "/partenaires/26 - Bourillon EURL.jpg"
    },
    {
        "id": 29,
        "nom": "Aquaponia",
        "formule": 0,
        "description": "",
        "url": null,
        "raison": "Aquaponia",
        "adresse": "Hameau Chaufournier Bas Barbé",
        "code-postal": 53950,
        "ville": "Louverné",
        "image": "/partenaires/29 - Aquaponia.jpg"
    },
    {
        "id": 32,
        "nom": "Arconit",
        "formule": 1,
        "description": "",
        "url": null,
        "raison": "Arconit",
        "adresse": "33, rue des Chênes",
        "code-postal": 53940,
        "ville": "Saint-Berthevin",
        "image": "/partenaires/32 - Arconit.jpg"
    },
    {
        "id": 33,
        "nom": "Dans ton regard",
        "formule": 1,
        "description": "",
        "url": null,
        "raison": "Dans ton regard",
        "adresse": "7 la Troulière",
        "code-postal": 53240,
        "ville": "Saint Germain d'Anxure",
        "image": "/partenaires/33 - Dans ton regard.jpg"
    },
    {
        "id": 34,
        "nom": "Déménagements Poisson",
        "formule": 0,
        "description": "POISSON Déménagement à Laval prend en charge le transport, le stockage et le déménagement pour particuliers ou professionnels.&nbsp;Nos 18 <strong>déménageurs expérimentés</strong> mettent leurs compétences au service de vos exigences. Optez pour un <strong>déménagement sur-mesure</strong>, dans des délais optimaux.",
        "url": "https://www.demenagement-poisson.com/",
        "raison": "Déménagements Poisson",
        "adresse": "",
        "code-postal": "",
        "ville": "",
        "image": "/partenaires/34 - Déménagements Poisson.jpg"
    },
    {
        "id": 35,
        "nom": "Altays",
        "formule": 2,
        "description": "Éditeur 100% français et indépendant, fort de 25 ans d’expertise et avec plus de 600 clients Grands Comptes &amp; ETI, Altays propose un SIRH modulaire, évolutif et innovant, qui couvre le domaine du <em>talent management</em> : Recrutement, Mobilité, Gestion des Compétences, Plans de succession et pilotage des Révisions Salariales. Altays SIRH traite également des problématiques sociales à travers la BDESE et la gestion des Heures de délégation.",
        "url": "https://www.altays.com",
        "raison": "Altays",
        "adresse": "3, cité d'Hauteville",
        "code-postal": 75010,
        "ville": "Paris",
        "image": "/partenaires/35 - Altays.jpg"
    },
    {
        "id": 36,
        "nom": "Les Amis de la Tarterie",
        "formule": 1,
        "description": "",
        "url": null,
        "raison": "Les Amis de la Tarterie",
        "adresse": "boulevard Jean Jaurès",
        "code-postal": 53000,
        "ville": "Laval",
        "image": "/partenaires/36 - Les Amis de la Tarterie.jpg"
    },
    {
        "id": 37,
        "nom": "JMT Saint-Berthevin",
        "formule": 1,
        "description": "",
        "url": null,
        "raison": "JMT Saint-Berthevin",
        "adresse": "85 Avenue de Paris",
        "code-postal": 53940,
        "ville": "Saint-Berthevin",
        "image": "/partenaires/37 - JMT Saint-Berthevin.jpg"
    },
    {
        "id": 38,
        "nom": "A2 intérieur singulier",
        "formule": 4,
        "description": "",
        "url": null,
        "raison": "A2 intérieur singulier",
        "adresse": "8, rue André Citroën",
        "code-postal": 53940,
        "ville": "Saint-Berthevin",
        "image": "/partenaires/38 - A2 intérieur singulier.jpg"
    },
    {
        "id": 39,
        "nom": "Centr’Halle Vin",
        "formule": 1,
        "description": "",
        "url": null,
        "raison": "Centr’Halle Vin",
        "adresse": "rue Georges Coupeau",
        "code-postal": 53000,
        "ville": "Laval",
        "image": "/partenaires/39 - Centr’Halle Vin.jpg"
    },
    {
        "id": 40,
        "nom": "Bourny Tendance",
        "formule": 1,
        "description": "",
        "url": null,
        "raison": "Bourny Tendance",
        "adresse": "25, place de la Commune",
        "code-postal": 53000,
        "ville": "Laval",
        "image": "/partenaires/40 - Bourny Tendance.jpg"
    },
    {
        "id": 41,
        "nom": "L'Antiquaire",
        "formule": 0,
        "description": "Jérôme &nbsp;Lebreton et son équipe vous réservent un accueil chaleureux et convivial. Venez découvrir une cuisine savoureuse, raffinée et respectant la saisonnalité. Sélection des produits, précision des cuissons, subtilité des saveurs, soin dans la présentation, le chef et son équipe n’ont de cesse de revisiter la gastronomie française conciliant tradition et créativité afin de vous surprendre et d’éveiller vos papilles.",
        "url": "https://www.restaurant-lantiquaire.fr/",
        "raison": "L'Antiquaire",
        "adresse": "",
        "code-postal": "",
        "ville": "",
        "image": "/partenaires/41 - L'Antiquaire.jpg"
    },
    {
        "id": 43,
        "nom": "AP Peintre décorateur",
        "formule": 4,
        "description": "",
        "url": null,
        "raison": "AP Peintre décorateur",
        "adresse": "12, route de Craon",
        "code-postal": 53400,
        "ville": "Athée",
        "image": "/partenaires/43 - AP Peintre décorateur.jpg"
    },
    {
        "id": 45,
        "nom": "Hippomat",
        "formule": 1,
        "description": "",
        "url": null,
        "raison": "Hippomat",
        "adresse": "14 avenue de l'Atlantique",
        "code-postal": 53000,
        "ville": "Laval",
        "image": "/partenaires/45 - Hippomat.jpg"
    },
    {
        "id": 46,
        "nom": "BP Agençeur d'intérieur",
        "formule": 4,
        "description": "",
        "url": null,
        "raison": "BP Agençeur d'intérieur",
        "adresse": "14, rue Simone de Beauvoir",
        "code-postal": 53940,
        "ville": "Saint-Berthevin",
        "image": "/partenaires/46 - BP Agençeur d'intérieur.jpg"
    },
    {
        "id": 47,
        "nom": "Garage Huchedé",
        "formule": 1,
        "description": "",
        "url": null,
        "raison": "Garage Huchedé",
        "adresse": "216, rue de Bretagne",
        "code-postal": 53000,
        "ville": "Laval",
        "image": "/partenaires/47 - Garage Huchedé.jpg"
    },
    {
        "id": 48,
        "nom": "L'Accord Parfait",
        "formule": 2,
        "description": "",
        "url": null,
        "raison": "L'Accord Parfait",
        "adresse": "Rue André Citroën",
        "code-postal": 53940,
        "ville": "Saint-Berthevin",
        "image": "/partenaires/48 - L'Accord Parfait.jpg"
    },
    {
        "id": 49,
        "nom": "Le 3.4.5.",
        "formule": 1,
        "description": "",
        "url": null,
        "raison": "Le 3.4.5.",
        "adresse": "353, rue de Bretagne",
        "code-postal": 53000,
        "ville": "Laval",
        "image": "/partenaires/49 - Le 3.4.5..jpg"
    },
    {
        "id": 50,
        "nom": "Mickael Barbereau - carreleur",
        "formule": 1,
        "description": "",
        "url": null,
        "raison": "Mickael Barbereau - carreleur",
        "adresse": "25, rue de la Gabare",
        "code-postal": 53970,
        "ville": "Nuillé-sur-Vicoin",
        "image": "/partenaires/50 - Mickael Barbereau - carreleur.jpg"
    },
    {
        "id": 53,
        "nom": "Bon d'Ici",
        "formule": 1,
        "description": "",
        "url": null,
        "raison": "Bon d'Ici",
        "adresse": "59, avenue de Paris",
        "code-postal": 53940,
        "ville": "Saint-Berthevin",
        "image": "/partenaires/53 - Bon d'Ici.jpg"
    },
    {
        "id": 54,
        "nom": "PROXI",
        "formule": 1,
        "description": "",
        "url": null,
        "raison": "PROXI",
        "adresse": "Place de la Commune",
        "code-postal": 53000,
        "ville": "Laval",
        "image": "/partenaires/54 - PROXI.jpg"
    },
    {
        "id": 57,
        "nom": "RJ Ramonage",
        "formule": 1,
        "description": "",
        "url": null,
        "raison": "RJ Ramonage",
        "adresse": "Le Monchevrier",
        "code-postal": 53970,
        "ville": "Nuillé-sur-Vicoin",
        "image": "/partenaires/57 - RJ Ramonage.jpg"
    },
    {
        "id": 58,
        "nom": "Dimitri Dubois",
        "formule": 1,
        "description": "",
        "url": null,
        "raison": "Dimitri Dubois",
        "adresse": "Route du Haut Chêne",
        "code-postal": 53970,
        "ville": "Montigne-le-Brillant",
        "image": "/partenaires/58 - Dimitri Dubois.jpg"
    },
    {
        "id": 59,
        "nom": "Opaline",
        "formule": 1,
        "description": "",
        "url": null,
        "raison": "Opaline",
        "adresse": "",
        "code-postal": "",
        "ville": "",
        "image": "/partenaires/59 - Opaline.jpg"
    },
    {
        "id": 60,
        "nom": "Auto-École Lebreton",
        "formule": "1",
        "description": "",
        "url": null,
        "raison": "Auto-École Lebreton",
        "adresse": "6, rue rennaise",
        "code-postal": 53000,
        "ville": "Laval",
        "image": "/partenaires/60 - Auto-École Lebreton.jpg"
    },
    {
        "id": 61,
        "nom": "SND SARL",
        "formule": 1,
        "description": "",
        "url": null,
        "raison": "SND SARL",
        "adresse": "8, rue GUTENBERG",
        "code-postal": 53200,
        "ville": "CHATEAU-GONTIER-SUR-MAYENNE",
        "image": "/partenaires/61 - SND SARL.jpg"
    },
    {
        "id": 63,
        "nom": "AFC DETAILING",
        "formule": "2",
        "description": "",
        "url": null,
        "raison": "AFC DETAILING",
        "adresse": "8, rue André Citroën",
        "code-postal": 53940,
        "ville": "Saint-Berthevin",
        "image": "/partenaires/63 - AFC DETAILING.jpg"
    }
]
